#chain WT ResID Mut ddG (kcal/mol, >0 is stable, <0 is unstable)
A M 1 A  -1.453
A M 1 R  -1.121
A M 1 N  -1.579
A M 1 D  -1.322
A M 1 C  -0.856
A M 1 Q  -1.331
A M 1 E  -1.085
A M 1 G  -1.683
A M 1 H  -1.214
A M 1 I  -1.373
A M 1 L  -1.311
A M 1 K  -1.175
A M 1 F  -1.169
A M 1 P  -1.746
A M 1 S  -1.188
A M 1 T  -1.217
A M 1 W  -0.532
A M 1 Y  -1.101
A M 1 V  -1.106
A N 2 A  -1.185
A N 2 R  -0.974
A N 2 D  -0.310
A N 2 C  -1.395
A N 2 Q  -0.469
A N 2 E  -0.540
A N 2 G  -1.773
A N 2 H  -1.172
A N 2 I  -0.734
A N 2 L  -0.767
A N 2 K  -0.876
A N 2 M  -0.945
A N 2 F  -1.070
A N 2 P  -1.576
A N 2 S  -1.008
A N 2 T  -0.973
A N 2 W  -1.030
A N 2 Y  -1.214
A N 2 V  -1.350
A I 3 A  -1.548
A I 3 R  -3.688
A I 3 N  -3.515
A I 3 D  -4.003
A I 3 C  -1.150
A I 3 Q  -3.139
A I 3 E  -2.248
A I 3 G  -2.842
A I 3 H  -3.937
A I 3 L   0.033
A I 3 K  -3.255
A I 3 M  -0.680
A I 3 F  -0.463
A I 3 P  -4.241
A I 3 S  -2.403
A I 3 T  -1.620
A I 3 W  -1.660
A I 3 Y  -2.221
A I 3 V  -0.815
A F 4 A  -1.094
A F 4 R  -0.694
A F 4 N  -0.878
A F 4 D  -2.323
A F 4 C  -1.670
A F 4 Q  -1.194
A F 4 E  -0.337
A F 4 G  -2.518
A F 4 H  -2.210
A F 4 I   0.019
A F 4 L  -0.311
A F 4 K  -0.550
A F 4 M  -0.540
A F 4 P  -2.325
A F 4 S  -1.206
A F 4 T  -0.851
A F 4 W  -0.867
A F 4 Y  -0.385
A F 4 V  -0.921
A E 5 A  -0.404
A E 5 R  -0.444
A E 5 N  -0.545
A E 5 D  -0.257
A E 5 C  -0.734
A E 5 Q  -0.177
A E 5 G  -0.982
A E 5 H  -0.723
A E 5 I  -0.192
A E 5 L  -0.220
A E 5 K  -0.363
A E 5 M  -0.348
A E 5 F  -0.387
A E 5 P  -0.876
A E 5 S  -0.232
A E 5 T  -0.327
A E 5 W  -0.510
A E 5 Y  -0.703
A E 5 V  -0.569
A M 6 A  -2.040
A M 6 R  -2.515
A M 6 N  -3.737
A M 6 D  -3.471
A M 6 C  -2.127
A M 6 Q  -1.991
A M 6 E  -3.291
A M 6 G  -3.514
A M 6 H  -3.699
A M 6 I  -1.071
A M 6 L  -0.675
A M 6 K  -3.574
A M 6 F  -0.691
A M 6 P  -4.313
A M 6 S  -2.462
A M 6 T  -2.011
A M 6 W  -1.665
A M 6 Y  -1.792
A M 6 V  -1.532
A L 7 A  -3.319
A L 7 R  -5.068
A L 7 N  -5.315
A L 7 D  -5.562
A L 7 C  -3.678
A L 7 Q  -5.405
A L 7 E  -5.219
A L 7 G  -5.481
A L 7 H  -5.445
A L 7 I  -0.204
A L 7 K  -5.520
A L 7 M  -1.560
A L 7 F  -1.934
A L 7 P  -5.827
A L 7 S  -3.785
A L 7 T  -2.915
A L 7 W  -3.672
A L 7 Y  -4.707
A L 7 V  -2.314
A R 8 A  -0.158
A R 8 N  -0.671
A R 8 D  -0.857
A R 8 C  -0.588
A R 8 Q   0.053
A R 8 E  -0.146
A R 8 G  -1.165
A R 8 H  -0.428
A R 8 I   0.513
A R 8 L   0.526
A R 8 K   0.488
A R 8 M   0.214
A R 8 F  -0.018
A R 8 P  -1.157
A R 8 S  -0.198
A R 8 T  -0.225
A R 8 W  -0.217
A R 8 Y  -0.665
A R 8 V  -0.074
A I 9 A  -0.819
A I 9 R  -0.025
A I 9 N  -0.430
A I 9 D  -0.997
A I 9 C  -0.432
A I 9 Q  -0.151
A I 9 E  -0.323
A I 9 G  -1.143
A I 9 H  -0.643
A I 9 L  -0.065
A I 9 K  -0.110
A I 9 M  -0.223
A I 9 F  -0.099
A I 9 P  -1.658
A I 9 S  -1.059
A I 9 T  -0.668
A I 9 W  -0.415
A I 9 Y  -0.600
A I 9 V  -0.350
A D 10 A  -0.806
A D 10 R  -1.338
A D 10 N  -0.661
A D 10 C  -0.704
A D 10 Q  -1.344
A D 10 E  -0.528
A D 10 G  -2.601
A D 10 H   0.397
A D 10 I   0.667
A D 10 L   3.032
A D 10 K  -1.083
A D 10 M   0.894
A D 10 F   2.049
A D 10 P  -2.950
A D 10 S  -0.784
A D 10 T  -0.332
A D 10 W   0.394
A D 10 Y  -0.855
A D 10 V   0.338
A E 11 A  -0.762
A E 11 R  -1.599
A E 11 N  -1.246
A E 11 D  -1.419
A E 11 C  -1.512
A E 11 Q  -0.779
A E 11 G  -2.333
A E 11 H  -1.447
A E 11 I  -0.050
A E 11 L   0.180
A E 11 K  -1.155
A E 11 M  -0.421
A E 11 F   0.004
A E 11 P  -1.653
A E 11 S  -0.530
A E 11 T   0.057
A E 11 W  -0.328
A E 11 Y  -1.447
A E 11 V  -0.225
A G 12 A  -1.481
A G 12 R  -1.134
A G 12 N  -1.608
A G 12 D  -1.312
A G 12 C  -1.113
A G 12 Q  -1.141
A G 12 E  -1.530
A G 12 H  -1.715
A G 12 I  -1.600
A G 12 L  -2.238
A G 12 K  -1.411
A G 12 M  -1.809
A G 12 F  -2.078
A G 12 P  -1.481
A G 12 S  -1.563
A G 12 T  -2.078
A G 12 W  -1.400
A G 12 Y  -1.455
A G 12 V  -1.806
A L 13 A  -1.919
A L 13 R  -2.018
A L 13 N  -2.456
A L 13 D  -3.112
A L 13 C  -0.548
A L 13 Q  -2.961
A L 13 E  -1.916
A L 13 G  -2.944
A L 13 H  -2.046
A L 13 I  -0.614
A L 13 K  -0.985
A L 13 M  -1.166
A L 13 F   0.056
A L 13 P  -3.745
A L 13 S  -1.930
A L 13 T  -1.170
A L 13 W  -0.163
A L 13 Y  -0.321
A L 13 V  -0.513
A R 14 A  -0.623
A R 14 N  -0.726
A R 14 D  -0.629
A R 14 C  -0.332
A R 14 Q  -0.402
A R 14 E  -0.538
A R 14 G  -1.066
A R 14 H  -0.191
A R 14 I  -0.046
A R 14 L  -0.186
A R 14 K  -0.434
A R 14 M  -0.324
A R 14 F  -0.267
A R 14 P  -1.087
A R 14 S  -0.524
A R 14 T  -0.639
A R 14 W  -0.055
A R 14 Y  -0.192
A R 14 V  -0.514
A L 15 A  -1.846
A L 15 R  -2.473
A L 15 N  -2.608
A L 15 D  -2.673
A L 15 C  -1.665
A L 15 Q  -2.540
A L 15 E  -2.724
A L 15 G  -2.758
A L 15 H  -3.066
A L 15 I  -0.999
A L 15 K  -2.510
A L 15 M  -1.089
A L 15 F  -0.637
A L 15 P  -2.234
A L 15 S  -1.630
A L 15 T  -1.496
A L 15 W  -2.213
A L 15 Y  -1.983
A L 15 V  -1.444
A K 16 A  -0.638
A K 16 R  -0.402
A K 16 N  -0.798
A K 16 D  -0.735
A K 16 C  -0.452
A K 16 Q  -0.294
A K 16 E  -0.359
A K 16 G  -1.351
A K 16 H  -0.065
A K 16 I  -0.123
A K 16 L  -0.479
A K 16 M  -0.346
A K 16 F  -0.543
A K 16 P  -1.416
A K 16 S  -0.406
A K 16 T  -0.383
A K 16 W  -0.257
A K 16 Y  -0.297
A K 16 V  -0.564
A I 17 A  -1.827
A I 17 R  -2.929
A I 17 N  -4.232
A I 17 D  -4.863
A I 17 C  -1.453
A I 17 Q  -4.134
A I 17 E  -3.837
A I 17 G  -3.242
A I 17 H  -3.482
A I 17 L   0.536
A I 17 K  -1.957
A I 17 M  -0.663
A I 17 F  -0.593
A I 17 P  -0.422
A I 17 S  -3.107
A I 17 T  -1.800
A I 17 W   0.527
A I 17 Y  -3.036
A I 17 V  -0.654
A Y 18 A  -2.625
A Y 18 R  -2.950
A Y 18 N  -3.849
A Y 18 D  -3.982
A Y 18 C  -1.825
A Y 18 Q  -3.611
A Y 18 E  -3.694
A Y 18 G  -4.050
A Y 18 H  -2.721
A Y 18 I  -2.472
A Y 18 L  -1.961
A Y 18 K  -2.564
A Y 18 M  -2.048
A Y 18 F  -0.857
A Y 18 P  -4.693
A Y 18 S  -3.223
A Y 18 T  -2.803
A Y 18 W  -1.935
A Y 18 V  -1.989
A K 19 A  -0.536
A K 19 R  -0.012
A K 19 N  -0.692
A K 19 D  -0.747
A K 19 C  -0.560
A K 19 Q  -0.378
A K 19 E  -0.484
A K 19 G  -1.119
A K 19 H  -0.313
A K 19 I  -0.146
A K 19 L  -0.108
A K 19 M  -0.360
A K 19 F  -0.288
A K 19 P  -1.134
A K 19 S  -0.467
A K 19 T  -0.521
A K 19 W   0.040
A K 19 Y  -0.311
A K 19 V  -0.434
A D 20 A  -1.139
A D 20 R  -1.538
A D 20 N  -0.821
A D 20 C  -0.800
A D 20 Q  -1.439
A D 20 E  -1.828
A D 20 G  -1.828
A D 20 H  -1.407
A D 20 I  -0.866
A D 20 L  -0.914
A D 20 K  -1.438
A D 20 M  -1.368
A D 20 F  -1.352
A D 20 P  -1.706
A D 20 S  -1.070
A D 20 T  -1.390
A D 20 W  -1.288
A D 20 Y  -1.300
A D 20 V  -1.142
A T 21 A  -0.066
A T 21 R  -0.051
A T 21 N  -0.115
A T 21 D  -0.146
A T 21 C  -0.132
A T 21 Q  -0.033
A T 21 E  -0.094
A T 21 G  -0.386
A T 21 H  -0.045
A T 21 I   0.142
A T 21 L   0.099
A T 21 K  -0.031
A T 21 M   0.065
A T 21 F   0.076
A T 21 P   0.018
A T 21 S  -0.030
A T 21 W  -0.189
A T 21 Y  -0.213
A T 21 V   0.026
A E 22 A   0.103
A E 22 R  -0.070
A E 22 N  -0.281
A E 22 D  -0.367
A E 22 C  -0.695
A E 22 Q  -0.057
A E 22 G  -1.034
A E 22 H  -0.394
A E 22 I  -0.052
A E 22 L   0.094
A E 22 K  -0.019
A E 22 M  -0.172
A E 22 F  -0.072
A E 22 P  -0.966
A E 22 S  -0.266
A E 22 T  -0.291
A E 22 W  -0.172
A E 22 Y  -0.373
A E 22 V  -0.145
A G 23 A  -1.477
A G 23 R  -0.993
A G 23 N  -1.406
A G 23 D  -1.176
A G 23 C  -0.923
A G 23 Q  -0.986
A G 23 E  -1.528
A G 23 H  -1.455
A G 23 I  -1.266
A G 23 L  -1.863
A G 23 K  -1.279
A G 23 M  -1.365
A G 23 F  -1.963
A G 23 P  -1.115
A G 23 S  -1.308
A G 23 T  -2.011
A G 23 W  -1.047
A G 23 Y  -0.913
A G 23 V  -2.071
A Y 24 A  -1.086
A Y 24 R  -0.803
A Y 24 N  -0.503
A Y 24 D  -1.751
A Y 24 C  -0.700
A Y 24 Q  -1.319
A Y 24 E  -1.339
A Y 24 G  -1.477
A Y 24 H  -0.226
A Y 24 I  -0.870
A Y 24 L  -0.856
A Y 24 K  -0.528
A Y 24 M  -1.128
A Y 24 F  -0.521
A Y 24 P  -2.571
A Y 24 S  -1.812
A Y 24 T  -1.264
A Y 24 W  -0.812
A Y 24 V  -0.894
A Y 25 A  -2.183
A Y 25 R  -2.467
A Y 25 N  -2.615
A Y 25 D  -2.877
A Y 25 C  -0.847
A Y 25 Q  -2.770
A Y 25 E  -2.001
A Y 25 G  -4.003
A Y 25 H  -2.597
A Y 25 I  -2.477
A Y 25 L  -1.656
A Y 25 K  -1.412
A Y 25 M  -2.248
A Y 25 F  -0.557
A Y 25 P  -3.417
A Y 25 S  -3.082
A Y 25 T  -2.342
A Y 25 W   1.506
A Y 25 V  -1.336
A T 26 A  -1.528
A T 26 R  -3.667
A T 26 N  -4.299
A T 26 D  -4.605
A T 26 C  -0.347
A T 26 Q  -4.897
A T 26 E  -3.865
A T 26 G  -3.911
A T 26 H  -4.075
A T 26 I  -0.878
A T 26 L  -1.164
A T 26 K  -3.468
A T 26 M  -0.957
A T 26 F  -0.919
A T 26 P  -4.175
A T 26 S  -1.530
A T 26 W  -1.483
A T 26 Y  -2.187
A T 26 V  -1.079
A I 27 A  -2.840
A I 27 R  -4.682
A I 27 N  -3.764
A I 27 D  -4.586
A I 27 C  -1.798
A I 27 Q  -4.266
A I 27 E  -4.703
A I 27 G  -3.413
A I 27 H  -3.695
A I 27 L  -1.342
A I 27 K  -3.931
A I 27 M  -1.668
A I 27 F  -0.649
A I 27 P  -5.346
A I 27 S  -3.267
A I 27 T  -2.173
A I 27 W  -0.577
A I 27 Y  -2.497
A I 27 V  -1.443
A G 28 A  -2.212
A G 28 R  -2.352
A G 28 N  -4.191
A G 28 D  -2.497
A G 28 C  -1.548
A G 28 Q  -3.576
A G 28 E  -3.498
A G 28 H  -3.229
A G 28 I  -2.280
A G 28 L  -3.181
A G 28 K  -3.792
A G 28 M  -2.568
A G 28 F  -2.582
A G 28 P  -3.003
A G 28 S  -2.495
A G 28 T  -3.502
A G 28 W  -2.026
A G 28 Y  -1.972
A G 28 V  -2.822
A I 29 A  -2.124
A I 29 R  -3.003
A I 29 N  -3.450
A I 29 D  -4.153
A I 29 C  -0.959
A I 29 Q  -4.169
A I 29 E  -3.956
A I 29 G  -3.838
A I 29 H  -2.350
A I 29 L  -0.535
A I 29 K  -2.399
A I 29 M  -0.923
A I 29 F  -0.185
A I 29 P  -4.308
A I 29 S  -3.024
A I 29 T  -1.734
A I 29 W   0.132
A I 29 Y   1.059
A I 29 V  -0.642
A G 30 A  -2.027
A G 30 R  -2.049
A G 30 N  -2.808
A G 30 D  -2.599
A G 30 C  -1.504
A G 30 Q  -2.907
A G 30 E  -3.095
A G 30 H  -3.338
A G 30 I  -2.387
A G 30 L  -3.200
A G 30 K  -3.021
A G 30 M  -2.366
A G 30 F  -2.884
A G 30 P  -2.457
A G 30 S  -2.283
A G 30 T  -3.491
A G 30 W  -1.849
A G 30 Y  -1.741
A G 30 V  -3.211
A H 31 A  -1.400
A H 31 R  -1.558
A H 31 N  -2.181
A H 31 D  -2.831
A H 31 C  -1.070
A H 31 Q  -1.860
A H 31 E  -2.701
A H 31 G  -2.766
A H 31 I  -0.816
A H 31 L  -0.984
A H 31 K  -1.714
A H 31 M  -0.997
A H 31 F  -0.747
A H 31 P  -3.489
A H 31 S  -1.352
A H 31 T  -1.204
A H 31 W  -0.904
A H 31 Y  -1.328
A H 31 V  -0.975
A L 32 A  -1.135
A L 32 R  -1.043
A L 32 N  -0.637
A L 32 D  -2.100
A L 32 C  -0.582
A L 32 Q  -1.521
A L 32 E  -1.307
A L 32 G  -2.575
A L 32 H  -0.970
A L 32 I  -0.632
A L 32 K  -0.625
A L 32 M  -0.646
A L 32 F  -0.354
A L 32 P  -1.809
A L 32 S  -1.473
A L 32 T  -0.893
A L 32 W  -0.318
A L 32 Y  -0.661
A L 32 V  -0.710
A L 33 A  -4.010
A L 33 R  -5.536
A L 33 N  -5.713
A L 33 D  -5.910
A L 33 C  -2.233
A L 33 Q  -5.894
A L 33 E  -6.000
A L 33 G  -5.516
A L 33 H  -5.738
A L 33 I  -1.051
A L 33 K  -5.301
A L 33 M  -2.994
A L 33 F  -2.756
A L 33 P  -6.080
A L 33 S  -3.932
A L 33 T  -4.161
A L 33 W  -4.051
A L 33 Y  -5.022
A L 33 V  -2.473
A T 34 A  -1.549
A T 34 R  -2.160
A T 34 N  -2.623
A T 34 D  -3.211
A T 34 C  -1.574
A T 34 Q  -2.403
A T 34 E  -2.870
A T 34 G  -2.379
A T 34 H  -1.708
A T 34 I  -1.403
A T 34 L  -1.437
A T 34 K  -1.466
A T 34 M  -1.794
A T 34 F  -1.323
A T 34 P  -3.267
A T 34 S  -1.361
A T 34 W  -1.272
A T 34 Y  -2.203
A T 34 V  -1.454
A K 35 A  -0.286
A K 35 R  -0.188
A K 35 N  -0.381
A K 35 D  -0.252
A K 35 C  -0.752
A K 35 Q  -0.171
A K 35 E  -0.331
A K 35 G  -0.758
A K 35 H  -0.626
A K 35 I  -0.155
A K 35 L  -0.288
A K 35 M  -0.247
A K 35 F  -0.360
A K 35 P  -0.432
A K 35 S  -0.187
A K 35 T  -0.398
A K 35 W  -0.476
A K 35 Y  -0.434
A K 35 V  -0.602
A S 36 A  -0.357
A S 36 R  -0.211
A S 36 N  -0.006
A S 36 D  -0.141
A S 36 C  -0.174
A S 36 Q  -0.017
A S 36 E  -0.043
A S 36 G  -0.198
A S 36 H  -0.068
A S 36 I  -0.045
A S 36 L   0.114
A S 36 K  -0.035
A S 36 M  -0.381
A S 36 F  -0.061
A S 36 P  -0.601
A S 36 T  -0.243
A S 36 W   0.045
A S 36 Y  -0.394
A S 36 V  -0.252
A P 37 A  -0.276
A P 37 R  -0.176
A P 37 N  -0.227
A P 37 D  -0.171
A P 37 C  -0.318
A P 37 Q  -0.135
A P 37 E  -0.093
A P 37 G  -0.363
A P 37 H  -0.163
A P 37 I  -0.263
A P 37 L  -0.264
A P 37 K  -0.112
A P 37 M  -0.298
A P 37 F  -0.356
A P 37 S  -0.230
A P 37 T  -0.351
A P 37 W  -0.280
A P 37 Y  -0.423
A P 37 V  -0.387
A S 38 A  -0.661
A S 38 R  -0.676
A S 38 N  -0.688
A S 38 D  -0.693
A S 38 C  -0.309
A S 38 Q  -0.668
A S 38 E  -0.474
A S 38 G  -0.858
A S 38 H  -0.913
A S 38 I  -0.535
A S 38 L  -0.527
A S 38 K  -0.387
A S 38 M  -0.587
A S 38 F  -0.591
A S 38 P  -1.247
A S 38 T  -0.736
A S 38 W  -0.466
A S 38 Y  -0.618
A S 38 V  -0.646
A L 39 A  -0.824
A L 39 R  -0.488
A L 39 N  -0.726
A L 39 D  -0.797
A L 39 C  -1.325
A L 39 Q  -0.632
A L 39 E  -0.595
A L 39 G  -2.372
A L 39 H  -1.457
A L 39 I  -0.184
A L 39 K  -0.404
A L 39 M  -0.208
A L 39 F  -0.175
A L 39 P  -1.780
A L 39 S  -0.739
A L 39 T  -0.567
A L 39 W  -0.700
A L 39 Y  -0.989
A L 39 V  -0.719
A N 40 A  -0.149
A N 40 R  -0.266
A N 40 D  -0.056
A N 40 C  -0.592
A N 40 Q   0.004
A N 40 E   0.002
A N 40 G  -0.707
A N 40 H  -0.284
A N 40 I  -0.072
A N 40 L  -0.121
A N 40 K  -0.242
A N 40 M  -0.082
A N 40 F  -0.240
A N 40 P  -0.405
A N 40 S  -0.107
A N 40 T  -0.157
A N 40 W  -0.332
A N 40 Y  -0.561
A N 40 V  -0.323
A A 41 R  -0.529
A A 41 N  -0.875
A A 41 D  -0.664
A A 41 C  -0.509
A A 41 Q  -0.272
A A 41 E   0.190
A A 41 G  -0.530
A A 41 H  -0.961
A A 41 I   0.239
A A 41 L   0.390
A A 41 K  -0.187
A A 41 M  -0.060
A A 41 F   0.069
A A 41 P  -1.000
A A 41 S  -0.424
A A 41 T  -0.543
A A 41 W  -0.134
A A 41 Y  -0.166
A A 41 V   0.023
A A 42 R  -2.943
A A 42 N  -3.671
A A 42 D  -3.529
A A 42 C  -1.724
A A 42 Q  -4.564
A A 42 E  -3.430
A A 42 G  -1.055
A A 42 H  -4.391
A A 42 I   0.411
A A 42 L  -0.547
A A 42 K  -3.124
A A 42 M  -0.769
A A 42 F  -0.400
A A 42 P  -3.935
A A 42 S  -1.296
A A 42 T  -1.668
A A 42 W  -1.142
A A 42 Y  -1.692
A A 42 V  -0.947
A K 43 A  -0.911
A K 43 R  -0.760
A K 43 N  -0.977
A K 43 D  -1.628
A K 43 C  -1.851
A K 43 Q  -0.593
A K 43 E  -1.378
A K 43 G  -2.549
A K 43 H  -2.289
A K 43 I   0.135
A K 43 L   0.118
A K 43 M  -0.741
A K 43 F  -0.548
A K 43 P  -1.696
A K 43 S  -1.084
A K 43 T  -1.012
A K 43 W  -1.378
A K 43 Y  -1.704
A K 43 V  -0.810
A S 44 A  -0.073
A S 44 R   0.040
A S 44 N  -0.048
A S 44 D  -0.151
A S 44 C  -0.339
A S 44 Q   0.075
A S 44 E   0.071
A S 44 G  -0.757
A S 44 H  -0.592
A S 44 I   0.227
A S 44 L   0.153
A S 44 K   0.058
A S 44 M  -0.087
A S 44 F  -0.012
A S 44 P  -0.507
A S 44 T  -0.253
A S 44 W  -0.044
A S 44 Y  -0.524
A S 44 V  -0.176
A E 45 A  -0.415
A E 45 R  -0.514
A E 45 N  -0.535
A E 45 D  -0.715
A E 45 C  -1.309
A E 45 Q  -0.227
A E 45 G  -1.759
A E 45 H  -1.182
A E 45 I   0.018
A E 45 L  -0.107
A E 45 K  -0.643
A E 45 M  -0.525
A E 45 F  -0.457
A E 45 P  -1.810
A E 45 S  -0.444
A E 45 T  -0.564
A E 45 W  -0.569
A E 45 Y  -1.153
A E 45 V  -0.343
A L 46 A  -2.124
A L 46 R  -3.613
A L 46 N  -4.439
A L 46 D  -4.679
A L 46 C  -2.520
A L 46 Q  -3.947
A L 46 E  -2.864
A L 46 G  -3.708
A L 46 H  -3.141
A L 46 I  -0.748
A L 46 K  -3.340
A L 46 M  -1.135
A L 46 F  -0.503
A L 46 P  -4.556
A L 46 S  -2.869
A L 46 T  -2.510
A L 46 W  -1.064
A L 46 Y  -1.409
A L 46 V  -2.237
A D 47 A  -1.077
A D 47 R  -1.500
A D 47 N  -0.362
A D 47 C  -1.500
A D 47 Q  -0.813
A D 47 E  -0.806
A D 47 G  -1.732
A D 47 H  -1.911
A D 47 I  -0.781
A D 47 L  -0.749
A D 47 K  -1.366
A D 47 M  -1.222
A D 47 F  -0.972
A D 47 P  -1.860
A D 47 S  -0.778
A D 47 T  -0.895
A D 47 W  -1.380
A D 47 Y  -1.699
A D 47 V  -1.231
A K 48 A  -0.292
A K 48 R  -0.017
A K 48 N  -0.229
A K 48 D  -0.508
A K 48 C  -1.005
A K 48 Q  -0.042
A K 48 E  -0.230
A K 48 G  -1.301
A K 48 H  -0.634
A K 48 I  -0.164
A K 48 L  -0.317
A K 48 M  -0.306
A K 48 F  -0.443
A K 48 P  -1.095
A K 48 S  -0.437
A K 48 T  -0.550
A K 48 W  -0.479
A K 48 Y  -0.608
A K 48 V  -0.587
A A 49 R  -0.273
A A 49 N  -0.040
A A 49 D  -0.616
A A 49 C  -0.168
A A 49 Q   0.137
A A 49 E   0.181
A A 49 G  -0.935
A A 49 H  -0.921
A A 49 I   0.696
A A 49 L   1.110
A A 49 K   0.079
A A 49 M   0.705
A A 49 F   0.508
A A 49 P  -0.075
A A 49 S  -0.076
A A 49 T  -0.027
A A 49 W   0.144
A A 49 Y  -0.206
A A 49 V  -0.040
A I 50 A  -1.355
A I 50 R  -2.645
A I 50 N  -2.381
A I 50 D  -3.172
A I 50 C  -1.117
A I 50 Q  -2.064
A I 50 E  -1.989
A I 50 G  -3.386
A I 50 H  -2.279
A I 50 L   0.260
A I 50 K  -0.846
A I 50 M  -0.250
A I 50 F   0.348
A I 50 P  -3.209
A I 50 S  -1.393
A I 50 T  -1.558
A I 50 W  -0.153
A I 50 Y  -0.743
A I 50 V  -0.280
A G 51 A  -1.195
A G 51 R  -0.736
A G 51 N  -1.092
A G 51 D  -1.057
A G 51 C  -0.948
A G 51 Q  -1.098
A G 51 E  -0.962
A G 51 H  -1.448
A G 51 I  -1.013
A G 51 L  -1.208
A G 51 K  -1.097
A G 51 M  -0.935
A G 51 F  -1.435
A G 51 P  -1.006
A G 51 S  -1.139
A G 51 T  -1.535
A G 51 W  -0.842
A G 51 Y  -0.905
A G 51 V  -1.530
A R 52 A  -1.090
A R 52 N  -0.890
A R 52 D  -0.993
A R 52 C  -0.721
A R 52 Q  -0.396
A R 52 E  -0.771
A R 52 G  -1.702
A R 52 H  -0.512
A R 52 I  -0.633
A R 52 L  -0.762
A R 52 K  -0.291
A R 52 M  -0.928
A R 52 F  -0.971
A R 52 P  -1.585
A R 52 S  -1.101
A R 52 T  -0.974
A R 52 W  -0.686
A R 52 Y  -0.622
A R 52 V  -0.933
A N 53 A  -0.317
A N 53 R  -0.131
A N 53 D  -0.084
A N 53 C  -0.556
A N 53 Q  -0.019
A N 53 E   0.013
A N 53 G  -0.551
A N 53 H  -0.064
A N 53 I  -0.183
A N 53 L  -0.219
A N 53 K  -0.034
A N 53 M  -0.409
A N 53 F  -0.188
A N 53 P  -0.275
A N 53 S  -0.204
A N 53 T  -0.292
A N 53 W  -0.327
A N 53 Y  -0.194
A N 53 V  -0.336
A T 54 A  -1.428
A T 54 R  -2.399
A T 54 N  -2.897
A T 54 D  -3.309
A T 54 C  -0.355
A T 54 Q  -3.273
A T 54 E  -3.783
A T 54 G  -2.616
A T 54 H  -2.668
A T 54 I  -0.142
A T 54 L  -0.634
A T 54 K  -2.771
A T 54 M  -1.119
A T 54 F  -0.732
A T 54 P  -2.588
A T 54 S  -1.778
A T 54 W   0.270
A T 54 Y  -1.836
A T 54 V  -0.107
A N 55 A  -0.680
A N 55 R  -0.622
A N 55 D  -0.244
A N 55 C  -0.591
A N 55 Q  -0.247
A N 55 E  -0.426
A N 55 G  -0.136
A N 55 H  -0.572
A N 55 I  -0.426
A N 55 L  -0.742
A N 55 K  -0.294
A N 55 M  -0.442
A N 55 F  -0.767
A N 55 P  -0.497
A N 55 S  -0.549
A N 55 T  -0.731
A N 55 W  -0.451
A N 55 Y  -0.371
A N 55 V  -0.795
A G 56 A  -1.205
A G 56 R  -1.090
A G 56 N  -1.005
A G 56 D  -1.198
A G 56 C  -0.877
A G 56 Q  -0.815
A G 56 E  -1.063
A G 56 H  -1.313
A G 56 I  -1.047
A G 56 L  -0.718
A G 56 K  -1.058
A G 56 M  -0.519
A G 56 F  -0.975
A G 56 P  -0.837
A G 56 S  -1.251
A G 56 T  -1.704
A G 56 W   0.212
A G 56 Y  -0.641
A G 56 V  -1.449
A V 57 A  -0.970
A V 57 R  -0.435
A V 57 N  -1.511
A V 57 D  -1.900
A V 57 C  -0.120
A V 57 Q  -0.418
A V 57 E  -0.491
A V 57 G  -1.262
A V 57 H  -0.923
A V 57 I  -0.217
A V 57 L  -0.301
A V 57 K  -0.218
A V 57 M  -0.839
A V 57 F  -0.052
A V 57 P  -1.398
A V 57 S  -0.795
A V 57 T  -0.400
A V 57 W  -0.659
A V 57 Y  -1.059
A I 58 A  -3.059
A I 58 R  -4.067
A I 58 N  -5.217
A I 58 D  -5.081
A I 58 C  -2.100
A I 58 Q  -4.839
A I 58 E  -4.761
A I 58 G  -4.799
A I 58 H  -4.098
A I 58 L  -1.755
A I 58 K  -3.547
A I 58 M  -1.972
A I 58 F  -1.671
A I 58 P  -4.688
A I 58 S  -3.879
A I 58 T  -2.945
A I 58 W  -1.964
A I 58 Y  -3.298
A I 58 V  -1.314
A T 59 A  -1.266
A T 59 R  -1.393
A T 59 N  -1.378
A T 59 D  -1.267
A T 59 C  -0.826
A T 59 Q  -2.071
A T 59 E  -1.802
A T 59 G  -1.587
A T 59 H  -1.686
A T 59 I  -0.720
A T 59 L  -0.935
A T 59 K  -0.968
A T 59 M  -0.978
A T 59 F  -1.118
A T 59 P  -1.630
A T 59 S  -0.570
A T 59 W  -1.111
A T 59 Y  -0.883
A T 59 V  -1.338
A K 60 A  -0.105
A K 60 R  -0.131
A K 60 N  -0.379
A K 60 D  -0.238
A K 60 C  -0.937
A K 60 Q   0.061
A K 60 E   0.179
A K 60 G  -0.842
A K 60 H  -0.221
A K 60 I   0.149
A K 60 L   0.169
A K 60 M   0.076
A K 60 F   0.130
A K 60 P  -0.474
A K 60 S  -0.109
A K 60 T  -0.302
A K 60 W  -0.288
A K 60 Y  -0.308
A K 60 V  -0.100
A D 61 A  -0.023
A D 61 R  -0.045
A D 61 N  -0.075
A D 61 C  -0.194
A D 61 Q   0.032
A D 61 E   0.128
A D 61 G  -0.436
A D 61 H   0.007
A D 61 I   0.079
A D 61 L   0.087
A D 61 K   0.016
A D 61 M  -0.007
A D 61 F   0.014
A D 61 P  -0.339
A D 61 S  -0.033
A D 61 T  -0.034
A D 61 W  -0.076
A D 61 Y  -0.224
A D 61 V  -0.046
A E 62 A  -1.266
A E 62 R  -1.594
A E 62 N  -2.014
A E 62 D  -1.338
A E 62 C  -2.254
A E 62 Q   0.094
A E 62 G  -2.669
A E 62 H  -1.593
A E 62 I  -0.513
A E 62 L  -0.559
A E 62 K  -1.547
A E 62 M  -0.572
A E 62 F  -0.702
A E 62 P  -2.536
A E 62 S  -1.392
A E 62 T  -0.987
A E 62 W  -1.014
A E 62 Y  -1.753
A E 62 V  -1.112
A A 63 R  -3.582
A A 63 N  -3.021
A A 63 D  -4.383
A A 63 C  -0.752
A A 63 Q  -2.829
A A 63 E  -3.217
A A 63 G  -2.176
A A 63 H  -4.347
A A 63 I   0.120
A A 63 L   0.285
A A 63 K  -4.029
A A 63 M   0.141
A A 63 F  -0.938
A A 63 P  -3.249
A A 63 S  -1.401
A A 63 T  -1.632
A A 63 W  -1.125
A A 63 Y  -2.516
A A 63 V  -0.879
A E 64 A  -0.467
A E 64 R  -0.459
A E 64 N  -0.366
A E 64 D  -0.391
A E 64 C  -0.663
A E 64 Q  -0.228
A E 64 G  -1.503
A E 64 H  -0.362
A E 64 I  -0.037
A E 64 L   0.022
A E 64 K  -0.347
A E 64 M   0.059
A E 64 F  -0.105
A E 64 P  -1.582
A E 64 S  -0.301
A E 64 T  -0.300
A E 64 W  -0.175
A E 64 Y  -0.619
A E 64 V  -0.252
A K 65 A  -0.040
A K 65 R  -0.065
A K 65 N  -0.206
A K 65 D  -0.237
A K 65 C  -0.421
A K 65 Q   0.011
A K 65 E  -0.017
A K 65 G  -0.852
A K 65 H  -0.213
A K 65 I   0.079
A K 65 L   0.051
A K 65 M   0.037
A K 65 F   0.073
A K 65 P  -1.111
A K 65 S  -0.090
A K 65 T  -0.209
A K 65 W  -0.054
A K 65 Y  -0.191
A K 65 V  -0.110
A L 66 A  -2.494
A L 66 R  -3.949
A L 66 N  -4.305
A L 66 D  -4.992
A L 66 C  -3.258
A L 66 Q  -3.553
A L 66 E  -4.962
A L 66 G  -5.027
A L 66 H  -4.224
A L 66 I  -1.022
A L 66 K  -4.060
A L 66 M  -0.819
A L 66 F  -0.811
A L 66 P  -5.645
A L 66 S  -3.034
A L 66 T  -2.923
A L 66 W  -0.600
A L 66 Y  -2.966
A L 66 V  -2.024
A F 67 A  -2.596
A F 67 R  -4.146
A F 67 N  -5.087
A F 67 D  -5.086
A F 67 C  -2.714
A F 67 Q  -4.190
A F 67 E  -4.710
A F 67 G  -5.062
A F 67 H  -3.978
A F 67 I  -1.244
A F 67 L   0.014
A F 67 K  -3.964
A F 67 M  -1.417
A F 67 P  -5.260
A F 67 S  -2.139
A F 67 T  -2.257
A F 67 W  -1.040
A F 67 Y  -2.062
A F 67 V  -2.015
A N 68 A  -0.086
A N 68 R   0.089
A N 68 D  -0.099
A N 68 C  -0.394
A N 68 Q   0.048
A N 68 E   0.143
A N 68 G  -0.958
A N 68 H  -0.008
A N 68 I   0.061
A N 68 L   0.096
A N 68 K   0.228
A N 68 M  -0.026
A N 68 F   0.074
A N 68 P  -0.800
A N 68 S  -0.109
A N 68 T  -0.185
A N 68 W  -0.070
A N 68 Y  -0.267
A N 68 V  -0.038
A Q 69 A  -0.445
A Q 69 R  -0.224
A Q 69 N  -0.189
A Q 69 D  -0.390
A Q 69 C  -0.552
A Q 69 E  -0.090
A Q 69 G  -1.185
A Q 69 H  -0.271
A Q 69 I  -0.048
A Q 69 L  -0.073
A Q 69 K  -0.152
A Q 69 M  -0.270
A Q 69 F  -0.153
A Q 69 P  -1.640
A Q 69 S  -0.450
A Q 69 T  -0.406
A Q 69 W  -0.314
A Q 69 Y  -0.794
A Q 69 V  -0.241
A D 70 A  -0.736
A D 70 R  -1.061
A D 70 N  -1.157
A D 70 C  -1.346
A D 70 Q  -0.582
A D 70 E  -0.847
A D 70 G  -1.972
A D 70 H  -0.966
A D 70 I   0.293
A D 70 L   0.976
A D 70 K  -0.882
A D 70 M   0.102
A D 70 F   0.373
A D 70 P  -2.436
A D 70 S  -0.730
A D 70 T  -0.553
A D 70 W  -0.475
A D 70 Y  -1.018
A D 70 V  -0.231
A V 71 A  -1.550
A V 71 R  -4.237
A V 71 N  -4.539
A V 71 D  -4.708
A V 71 C  -2.092
A V 71 Q  -4.502
A V 71 E  -4.555
A V 71 G  -4.572
A V 71 H  -3.678
A V 71 I   0.517
A V 71 L   0.953
A V 71 K  -3.589
A V 71 M  -0.398
A V 71 F   0.238
A V 71 P  -5.097
A V 71 S  -1.886
A V 71 T  -1.843
A V 71 W  -1.104
A V 71 Y  -1.892
A D 72 A  -0.045
A D 72 R  -0.021
A D 72 N  -0.129
A D 72 C  -0.451
A D 72 Q   0.089
A D 72 E   0.163
A D 72 G  -0.920
A D 72 H  -0.090
A D 72 I   0.253
A D 72 L   0.524
A D 72 K   0.231
A D 72 M   0.061
A D 72 F   0.318
A D 72 P  -0.740
A D 72 S  -0.183
A D 72 T  -0.004
A D 72 W  -0.038
A D 72 Y  -0.270
A D 72 V   0.070
A A 73 R   0.119
A A 73 N   0.101
A A 73 D  -0.129
A A 73 C  -0.152
A A 73 Q   0.200
A A 73 E   0.332
A A 73 G  -0.609
A A 73 H   0.069
A A 73 I   0.675
A A 73 L   0.789
A A 73 K   0.308
A A 73 M   0.275
A A 73 F   0.526
A A 73 P  -0.360
A A 73 S  -0.125
A A 73 T   0.020
A A 73 W   0.579
A A 73 Y   0.341
A A 73 V   0.120
A A 74 R  -2.409
A A 74 N  -2.184
A A 74 D  -3.667
A A 74 C  -0.286
A A 74 Q  -3.775
A A 74 E  -3.941
A A 74 G  -2.882
A A 74 H  -2.163
A A 74 I   0.173
A A 74 L   0.073
A A 74 K  -2.056
A A 74 M  -0.415
A A 74 F   0.499
A A 74 P  -2.840
A A 74 S  -0.709
A A 74 T  -0.393
A A 74 W  -1.069
A A 74 Y  -1.048
A A 74 V  -0.425
A V 75 A  -0.640
A V 75 R  -0.595
A V 75 N  -1.413
A V 75 D  -1.983
A V 75 C  -0.553
A V 75 Q  -0.942
A V 75 E   0.138
A V 75 G  -1.695
A V 75 H  -1.580
A V 75 I   0.244
A V 75 L   0.345
A V 75 K  -0.563
A V 75 M   0.094
A V 75 F   0.519
A V 75 P  -3.201
A V 75 S  -0.850
A V 75 T  -0.886
A V 75 W   0.009
A V 75 Y  -0.132
A R 76 A  -0.283
A R 76 N  -0.442
A R 76 D  -0.409
A R 76 C  -0.841
A R 76 Q  -0.143
A R 76 E  -0.235
A R 76 G  -1.087
A R 76 H  -0.683
A R 76 I   0.074
A R 76 L  -0.023
A R 76 K  -0.348
A R 76 M  -0.222
A R 76 F  -0.218
A R 76 P  -1.006
A R 76 S  -0.385
A R 76 T  -0.597
A R 76 W  -0.575
A R 76 Y  -0.873
A R 76 V  -0.491
A G 77 A   0.864
A G 77 R   0.687
A G 77 N   1.590
A G 77 D   1.153
A G 77 C   1.494
A G 77 Q   1.759
A G 77 E   2.314
A G 77 H   1.160
A G 77 I   2.411
A G 77 L   3.384
A G 77 K   1.411
A G 77 M   1.481
A G 77 F   2.605
A G 77 P   0.224
A G 77 S   0.862
A G 77 T   1.599
A G 77 W   2.293
A G 77 Y   1.442
A G 77 V   1.685
A I 78 A  -2.035
A I 78 R  -4.503
A I 78 N  -4.304
A I 78 D  -4.621
A I 78 C  -1.367
A I 78 Q  -5.337
A I 78 E  -4.697
A I 78 G  -3.710
A I 78 H  -4.789
A I 78 L  -0.757
A I 78 K  -4.029
A I 78 M  -0.854
A I 78 F  -0.965
A I 78 P  -4.881
A I 78 S  -3.415
A I 78 T  -2.192
A I 78 W  -2.756
A I 78 Y  -3.585
A I 78 V  -0.419
A L 79 A  -1.160
A L 79 R  -0.823
A L 79 N  -0.412
A L 79 D  -1.387
A L 79 C  -0.756
A L 79 Q  -0.285
A L 79 E  -0.365
A L 79 G  -1.912
A L 79 H  -0.686
A L 79 I  -0.327
A L 79 K  -0.265
A L 79 M  -0.133
A L 79 F  -0.284
A L 79 P  -2.654
A L 79 S  -1.188
A L 79 T  -0.960
A L 79 W  -0.829
A L 79 Y  -1.070
A L 79 V  -0.449
A R 80 A  -0.228
A R 80 N  -0.223
A R 80 D  -0.376
A R 80 C  -0.538
A R 80 Q  -0.113
A R 80 E  -0.232
A R 80 G  -0.695
A R 80 H  -0.279
A R 80 I  -0.004
A R 80 L  -0.078
A R 80 K  -0.236
A R 80 M  -0.196
A R 80 F  -0.189
A R 80 P  -0.803
A R 80 S  -0.120
A R 80 T  -0.422
A R 80 W  -0.383
A R 80 Y  -0.556
A R 80 V  -0.401
A N 81 A  -0.999
A N 81 R  -0.588
A N 81 D  -0.018
A N 81 C  -0.550
A N 81 Q  -0.596
A N 81 E  -0.987
A N 81 G  -1.802
A N 81 H  -0.078
A N 81 I  -0.445
A N 81 L  -0.170
A N 81 K  -0.489
A N 81 M  -0.808
A N 81 F  -0.459
A N 81 P  -2.112
A N 81 S  -0.590
A N 81 T  -0.578
A N 81 W  -0.445
A N 81 Y  -0.508
A N 81 V  -0.543
A A 82 R  -0.020
A A 82 N  -0.097
A A 82 D  -0.195
A A 82 C  -0.028
A A 82 Q  -0.032
A A 82 E   0.036
A A 82 G  -0.247
A A 82 H  -0.241
A A 82 I   0.188
A A 82 L   0.194
A A 82 K  -0.053
A A 82 M   0.004
A A 82 F   0.149
A A 82 P   0.291
A A 82 S  -0.085
A A 82 T  -0.203
A A 82 W   0.078
A A 82 Y  -0.040
A A 82 V   0.100
A K 83 A  -0.299
A K 83 R  -0.202
A K 83 N  -0.341
A K 83 D  -0.396
A K 83 C  -0.659
A K 83 Q  -0.115
A K 83 E  -0.180
A K 83 G  -0.955
A K 83 H  -0.600
A K 83 I  -0.027
A K 83 L  -0.106
A K 83 M  -0.205
A K 83 F  -0.335
A K 83 P  -0.753
A K 83 S  -0.240
A K 83 T  -0.427
A K 83 W  -0.345
A K 83 Y  -0.640
A K 83 V  -0.342
A L 84 A  -2.804
A L 84 R  -4.105
A L 84 N  -4.965
A L 84 D  -4.814
A L 84 C  -3.927
A L 84 Q  -4.468
A L 84 E  -4.290
A L 84 G  -4.769
A L 84 H  -4.577
A L 84 I  -1.191
A L 84 K  -3.823
A L 84 M  -1.262
A L 84 F  -1.569
A L 84 P  -5.030
A L 84 S  -3.194
A L 84 T  -2.484
A L 84 W  -3.211
A L 84 Y  -4.487
A L 84 V  -0.821
A K 85 A  -0.404
A K 85 R  -0.257
A K 85 N  -0.521
A K 85 D  -1.170
A K 85 C  -1.161
A K 85 Q  -0.540
A K 85 E  -1.142
A K 85 G  -0.994
A K 85 H  -0.861
A K 85 I  -0.069
A K 85 L  -0.188
A K 85 M  -0.385
A K 85 F  -0.259
A K 85 P  -0.606
A K 85 S  -0.380
A K 85 T  -0.747
A K 85 W  -0.495
A K 85 Y  -0.492
A K 85 V  -0.564
A P 86 A  -0.627
A P 86 R  -0.495
A P 86 N  -0.474
A P 86 D  -0.394
A P 86 C  -0.554
A P 86 Q  -0.129
A P 86 E  -0.200
A P 86 G  -1.120
A P 86 H  -0.905
A P 86 I  -0.288
A P 86 L  -0.200
A P 86 K  -0.263
A P 86 M  -0.434
A P 86 F  -0.358
A P 86 S  -0.798
A P 86 T  -0.701
A P 86 W  -0.420
A P 86 Y  -1.110
A P 86 V  -0.590
A V 87 A  -1.490
A V 87 R  -3.081
A V 87 N  -4.077
A V 87 D  -4.330
A V 87 C  -2.292
A V 87 Q  -4.771
A V 87 E  -4.216
A V 87 G  -3.793
A V 87 H  -3.691
A V 87 I  -0.497
A V 87 L  -0.902
A V 87 K  -3.232
A V 87 M  -1.343
A V 87 F  -0.967
A V 87 P  -3.469
A V 87 S  -1.531
A V 87 T  -1.440
A V 87 W   0.302
A V 87 Y  -2.513
A Y 88 A  -1.842
A Y 88 R  -1.921
A Y 88 N  -1.395
A Y 88 D  -2.679
A Y 88 C  -1.279
A Y 88 Q  -2.892
A Y 88 E  -2.192
A Y 88 G  -3.251
A Y 88 H  -2.752
A Y 88 I  -0.651
A Y 88 L  -0.023
A Y 88 K  -1.620
A Y 88 M  -0.915
A Y 88 F   0.003
A Y 88 P  -4.179
A Y 88 S  -2.900
A Y 88 T  -2.030
A Y 88 W   1.083
A Y 88 V  -0.869
A D 89 A  -0.215
A D 89 R  -0.155
A D 89 N  -0.043
A D 89 C  -0.382
A D 89 Q  -0.043
A D 89 E   0.018
A D 89 G  -0.831
A D 89 H  -0.071
A D 89 I   0.034
A D 89 L   0.037
A D 89 K  -0.060
A D 89 M  -0.170
A D 89 F  -0.119
A D 89 P  -0.805
A D 89 S  -0.225
A D 89 T  -0.322
A D 89 W  -0.240
A D 89 Y  -0.478
A D 89 V  -0.196
A S 90 A  -0.168
A S 90 R  -0.869
A S 90 N  -0.490
A S 90 D  -0.989
A S 90 C  -0.748
A S 90 Q  -0.672
A S 90 E  -0.670
A S 90 G  -0.903
A S 90 H  -0.762
A S 90 I   0.045
A S 90 L   0.153
A S 90 K  -0.405
A S 90 M  -0.061
A S 90 F  -0.217
A S 90 P  -1.609
A S 90 T  -0.464
A S 90 W  -0.421
A S 90 Y  -1.207
A S 90 V  -0.167
A L 91 A  -3.278
A L 91 R  -4.782
A L 91 N  -5.098
A L 91 D  -5.321
A L 91 C  -1.813
A L 91 Q  -4.463
A L 91 E  -5.038
A L 91 G  -5.087
A L 91 H  -3.788
A L 91 I  -2.627
A L 91 K  -4.257
A L 91 M  -1.571
A L 91 F  -2.051
A L 91 P  -5.592
A L 91 S  -3.164
A L 91 T  -3.577
A L 91 W  -2.672
A L 91 Y  -3.840
A L 91 V  -2.513
A D 92 A  -1.337
A D 92 R  -1.387
A D 92 N  -0.123
A D 92 C  -1.226
A D 92 Q  -1.440
A D 92 E  -1.487
A D 92 G  -1.751
A D 92 H  -0.960
A D 92 I  -0.697
A D 92 L  -0.947
A D 92 K  -1.007
A D 92 M  -1.531
A D 92 F  -1.102
A D 92 P  -1.174
A D 92 S  -1.027
A D 92 T  -1.214
A D 92 W  -1.266
A D 92 Y  -1.320
A D 92 V  -1.358
A A 93 R   0.007
A A 93 N   0.069
A A 93 D   0.056
A A 93 C  -0.065
A A 93 Q   0.120
A A 93 E   0.141
A A 93 G  -0.216
A A 93 H  -0.275
A A 93 I   0.384
A A 93 L   0.354
A A 93 K   0.047
A A 93 M   0.133
A A 93 F   0.202
A A 93 P   0.316
A A 93 S  -0.009
A A 93 T  -0.010
A A 93 W   0.113
A A 93 Y  -0.188
A A 93 V   0.009
A V 94 A  -0.968
A V 94 R  -1.776
A V 94 N  -1.340
A V 94 D  -3.382
A V 94 C  -0.837
A V 94 Q  -1.862
A V 94 E  -2.686
A V 94 G  -2.881
A V 94 H  -1.859
A V 94 I   0.226
A V 94 L  -0.527
A V 94 K  -2.639
A V 94 M  -0.590
A V 94 F  -0.617
A V 94 P  -1.937
A V 94 S  -1.308
A V 94 T  -0.873
A V 94 W  -1.020
A V 94 Y  -1.267
A R 95 A  -1.150
A R 95 N  -2.292
A R 95 D  -2.872
A R 95 C  -1.161
A R 95 Q   0.088
A R 95 E  -1.325
A R 95 G  -2.571
A R 95 H  -2.709
A R 95 I   0.493
A R 95 L   0.101
A R 95 K  -1.588
A R 95 M  -0.243
A R 95 F  -0.240
A R 95 P  -2.271
A R 95 S  -1.037
A R 95 T  -1.324
A R 95 W  -0.636
A R 95 Y  -2.060
A R 95 V  -0.805
A R 96 A  -0.549
A R 96 N  -1.249
A R 96 D  -1.342
A R 96 C  -0.894
A R 96 Q   0.261
A R 96 E  -1.043
A R 96 G  -1.907
A R 96 H  -1.169
A R 96 I   0.049
A R 96 L   0.130
A R 96 K  -0.264
A R 96 M  -0.267
A R 96 F   0.175
A R 96 P  -2.182
A R 96 S  -0.904
A R 96 T  -0.827
A R 96 W  -0.577
A R 96 Y  -0.885
A R 96 V  -0.520
A A 97 R  -0.674
A A 97 N  -0.533
A A 97 D  -0.854
A A 97 C   0.439
A A 97 Q  -2.524
A A 97 E  -0.629
A A 97 G  -1.425
A A 97 H  -2.790
A A 97 I   1.224
A A 97 L   1.440
A A 97 K  -0.587
A A 97 M   0.781
A A 97 F   1.064
A A 97 P  -2.494
A A 97 S  -0.600
A A 97 T  -0.162
A A 97 W   0.889
A A 97 Y   0.095
A A 97 V   0.444
A A 98 R  -4.809
A A 98 N  -5.374
A A 98 D  -5.375
A A 98 C  -1.633
A A 98 Q  -5.230
A A 98 E  -5.604
A A 98 G  -3.016
A A 98 H  -5.356
A A 98 I  -1.467
A A 98 L  -1.867
A A 98 K  -4.658
A A 98 M  -1.758
A A 98 F  -1.574
A A 98 P  -5.023
A A 98 S  -2.562
A A 98 T  -2.851
A A 98 W  -2.887
A A 98 Y  -3.184
A A 98 V  -1.349
A L 99 A  -3.606
A L 99 R  -5.584
A L 99 N  -5.732
A L 99 D  -5.711
A L 99 C  -3.423
A L 99 Q  -4.985
A L 99 E  -5.801
A L 99 G  -5.390
A L 99 H  -4.778
A L 99 I  -0.798
A L 99 K  -5.375
A L 99 M  -1.395
A L 99 F  -0.984
A L 99 P  -5.646
A L 99 S  -3.951
A L 99 T  -3.583
A L 99 W  -3.073
A L 99 Y  -4.031
A L 99 V  -2.155
A I 100 A  -2.218
A I 100 R  -4.455
A I 100 N  -4.045
A I 100 D  -5.125
A I 100 C  -1.323
A I 100 Q  -4.768
A I 100 E  -3.043
A I 100 G  -3.771
A I 100 H  -3.630
A I 100 L  -0.596
A I 100 K  -2.273
A I 100 M  -1.063
A I 100 F  -0.868
A I 100 P  -5.512
A I 100 S  -3.409
A I 100 T  -2.229
A I 100 W  -1.901
A I 100 Y  -3.112
A I 100 V  -0.519
A N 101 A  -0.815
A N 101 R  -1.798
A N 101 D  -1.230
A N 101 C  -0.882
A N 101 Q  -1.554
A N 101 E  -0.721
A N 101 G  -2.819
A N 101 H  -1.062
A N 101 I   0.623
A N 101 L   2.083
A N 101 K  -1.841
A N 101 M   0.263
A N 101 F   2.494
A N 101 P  -2.965
A N 101 S   0.897
A N 101 T   0.057
A N 101 W   0.538
A N 101 Y  -0.942
A N 101 V   0.829
A M 102 A  -2.591
A M 102 R  -4.420
A M 102 N  -4.801
A M 102 D  -5.326
A M 102 C  -2.449
A M 102 Q  -5.045
A M 102 E  -4.957
A M 102 G  -3.678
A M 102 H  -4.313
A M 102 I  -1.865
A M 102 L  -0.715
A M 102 K  -4.080
A M 102 F  -0.784
A M 102 P  -4.514
A M 102 S  -3.195
A M 102 T  -2.717
A M 102 W  -0.863
A M 102 Y  -2.672
A M 102 V  -2.123
A V 103 A  -0.926
A V 103 R  -4.414
A V 103 N  -3.948
A V 103 D  -5.001
A V 103 C  -0.023
A V 103 Q  -4.663
A V 103 E  -5.337
A V 103 G  -3.439
A V 103 H  -3.634
A V 103 I   0.502
A V 103 L   0.078
A V 103 K  -4.968
A V 103 M  -0.477
A V 103 F  -0.514
A V 103 P  -4.821
A V 103 S  -1.709
A V 103 T  -1.437
A V 103 W  -2.378
A V 103 Y  -2.499
A F 104 A  -3.426
A F 104 R  -4.941
A F 104 N  -4.562
A F 104 D  -4.882
A F 104 C  -2.572
A F 104 Q  -4.810
A F 104 E  -5.279
A F 104 G  -4.164
A F 104 H  -2.989
A F 104 I  -1.008
A F 104 L  -0.825
A F 104 K  -5.071
A F 104 M  -1.157
A F 104 P  -4.504
A F 104 S  -3.048
A F 104 T  -3.127
A F 104 W  -1.317
A F 104 Y  -0.818
A F 104 V  -2.507
A Q 105 A  -0.670
A Q 105 R  -0.807
A Q 105 N  -0.042
A Q 105 D  -0.853
A Q 105 C  -1.063
A Q 105 E  -0.862
A Q 105 G  -2.303
A Q 105 H  -0.646
A Q 105 I   0.551
A Q 105 L   0.618
A Q 105 K  -0.379
A Q 105 M  -0.030
A Q 105 F   0.080
A Q 105 P  -2.841
A Q 105 S  -0.476
A Q 105 T  -0.244
A Q 105 W  -0.238
A Q 105 Y  -2.213
A Q 105 V   0.045
A M 106 A  -1.432
A M 106 R  -1.688
A M 106 N  -1.840
A M 106 D  -3.547
A M 106 C  -0.561
A M 106 Q  -2.528
A M 106 E  -1.950
A M 106 G  -1.955
A M 106 H  -1.712
A M 106 I  -0.354
A M 106 L  -0.013
A M 106 K  -1.255
A M 106 F   0.107
A M 106 P  -3.101
A M 106 S  -1.511
A M 106 T  -1.329
A M 106 W  -0.085
A M 106 Y  -0.087
A M 106 V  -0.810
A G 107 A  -1.688
A G 107 R  -1.558
A G 107 N  -2.283
A G 107 D  -1.655
A G 107 C  -1.433
A G 107 Q  -1.468
A G 107 E  -2.096
A G 107 H  -2.155
A G 107 I  -2.098
A G 107 L  -2.467
A G 107 K  -1.990
A G 107 M  -1.994
A G 107 F  -2.139
A G 107 P  -1.612
A G 107 S  -2.123
A G 107 T  -2.682
A G 107 W  -1.065
A G 107 Y  -1.541
A G 107 V  -2.363
A E 108 A   0.386
A E 108 R  -0.631
A E 108 N  -0.650
A E 108 D  -1.374
A E 108 C   0.673
A E 108 Q  -0.401
A E 108 G  -2.252
A E 108 H  -0.632
A E 108 I   0.813
A E 108 L   1.311
A E 108 K  -0.106
A E 108 M   0.354
A E 108 F   0.846
A E 108 P  -0.649
A E 108 S  -0.130
A E 108 T   0.674
A E 108 W   0.604
A E 108 Y  -0.448
A E 108 V   1.282
A T 109 A   0.012
A T 109 R  -0.062
A T 109 N  -0.027
A T 109 D  -0.023
A T 109 C  -0.140
A T 109 Q   0.019
A T 109 E   0.078
A T 109 G  -0.035
A T 109 H  -0.106
A T 109 I   0.138
A T 109 L   0.100
A T 109 K   0.043
A T 109 M   0.057
A T 109 F   0.074
A T 109 P  -0.223
A T 109 S  -0.078
A T 109 W   0.005
A T 109 Y  -0.080
A T 109 V   0.028
A G 110 A  -0.540
A G 110 R   0.037
A G 110 N  -0.151
A G 110 D  -0.570
A G 110 C  -0.588
A G 110 Q   0.242
A G 110 E  -0.028
A G 110 H  -0.069
A G 110 I   0.600
A G 110 L   0.764
A G 110 K   0.068
A G 110 M  -0.053
A G 110 F   0.490
A G 110 P  -1.155
A G 110 S  -0.658
A G 110 T  -0.290
A G 110 W   0.676
A G 110 Y   0.010
A G 110 V  -0.127
A V 111 A  -1.685
A V 111 R  -3.536
A V 111 N  -4.411
A V 111 D  -4.866
A V 111 C  -2.450
A V 111 Q  -3.801
A V 111 E  -4.746
A V 111 G  -3.339
A V 111 H  -3.786
A V 111 I  -0.477
A V 111 L   0.445
A V 111 K  -3.430
A V 111 M  -0.892
A V 111 F   0.340
A V 111 P  -3.966
A V 111 S  -2.465
A V 111 T  -2.181
A V 111 W  -1.790
A V 111 Y  -1.964
A A 112 R  -0.981
A A 112 N  -1.404
A A 112 D  -1.879
A A 112 C  -0.505
A A 112 Q  -1.116
A A 112 E  -1.021
A A 112 G  -0.963
A A 112 H  -1.908
A A 112 I  -0.192
A A 112 L   0.241
A A 112 K  -0.963
A A 112 M  -0.128
A A 112 F  -0.066
A A 112 P  -1.482
A A 112 S  -0.240
A A 112 T  -0.796
A A 112 W  -0.499
A A 112 Y  -1.193
A A 112 V  -0.556
A G 113 A  -0.184
A G 113 R  -0.103
A G 113 N  -0.091
A G 113 D  -0.224
A G 113 C  -0.288
A G 113 Q   0.009
A G 113 E  -0.102
A G 113 H  -0.222
A G 113 I  -0.063
A G 113 L  -0.066
A G 113 K   0.006
A G 113 M  -0.174
A G 113 F  -0.232
A G 113 P  -0.743
A G 113 S  -0.047
A G 113 T  -0.316
A G 113 W  -0.114
A G 113 Y  -0.435
A G 113 V  -0.262
A F 114 A  -1.949
A F 114 R  -1.918
A F 114 N  -2.244
A F 114 D  -3.396
A F 114 C  -1.155
A F 114 Q  -2.202
A F 114 E  -2.275
A F 114 G  -2.052
A F 114 H  -1.520
A F 114 I  -1.043
A F 114 L  -0.451
A F 114 K  -1.835
A F 114 M  -0.782
A F 114 P  -1.974
A F 114 S  -1.339
A F 114 T  -1.648
A F 114 W  -0.107
A F 114 Y  -0.841
A F 114 V  -1.727
A T 115 A  -0.205
A T 115 R  -0.089
A T 115 N  -0.079
A T 115 D  -0.231
A T 115 C  -0.122
A T 115 Q  -0.020
A T 115 E  -0.037
A T 115 G  -0.453
A T 115 H  -0.325
A T 115 I   0.128
A T 115 L   0.069
A T 115 K   0.135
A T 115 M  -0.021
A T 115 F   0.029
A T 115 P  -0.276
A T 115 S   0.057
A T 115 W   0.032
A T 115 Y  -0.232
A T 115 V  -0.029
A N 116 A  -0.207
A N 116 R  -0.132
A N 116 D  -0.095
A N 116 C  -0.456
A N 116 Q  -0.017
A N 116 E   0.047
A N 116 G  -0.741
A N 116 H  -0.060
A N 116 I  -0.013
A N 116 L  -0.003
A N 116 K   0.034
A N 116 M  -0.096
A N 116 F  -0.138
A N 116 P  -0.625
A N 116 S  -0.140
A N 116 T   0.025
A N 116 W  -0.121
A N 116 Y  -0.479
A N 116 V  -0.195
A S 117 A   0.007
A S 117 R  -1.080
A S 117 N  -1.241
A S 117 D  -2.784
A S 117 C   0.231
A S 117 Q  -2.322
A S 117 E  -1.629
A S 117 G  -1.746
A S 117 H  -1.978
A S 117 I   2.077
A S 117 L   2.248
A S 117 K  -0.370
A S 117 M   1.936
A S 117 F   1.445
A S 117 P  -1.894
A S 117 T   0.943
A S 117 W   2.219
A S 117 Y  -0.556
A S 117 V   1.309
A L 118 A  -2.437
A L 118 R  -2.923
A L 118 N  -3.625
A L 118 D  -4.781
A L 118 C  -2.437
A L 118 Q  -3.679
A L 118 E  -4.022
A L 118 G  -4.246
A L 118 H  -3.631
A L 118 I  -0.938
A L 118 K  -3.596
A L 118 M  -0.701
A L 118 F  -1.087
A L 118 P  -4.487
A L 118 S  -2.775
A L 118 T  -2.629
A L 118 W  -0.709
A L 118 Y  -3.205
A L 118 V  -1.916
A R 119 A  -0.271
A R 119 N  -0.432
A R 119 D  -0.494
A R 119 C  -0.835
A R 119 Q   0.014
A R 119 E  -0.069
A R 119 G  -1.129
A R 119 H  -0.609
A R 119 I   0.295
A R 119 L   0.182
A R 119 K   0.021
A R 119 M  -0.064
A R 119 F   0.037
A R 119 P  -0.925
A R 119 S  -0.319
A R 119 T  -0.466
A R 119 W  -0.408
A R 119 Y  -0.518
A R 119 V  -0.369
A M 120 A  -0.738
A M 120 R  -1.708
A M 120 N  -1.366
A M 120 D  -2.437
A M 120 C  -0.479
A M 120 Q  -1.405
A M 120 E  -1.585
A M 120 G  -3.374
A M 120 H  -0.704
A M 120 I  -1.123
A M 120 L   0.655
A M 120 K  -1.114
A M 120 F   0.054
A M 120 P  -3.280
A M 120 S  -1.698
A M 120 T  -1.380
A M 120 W  -0.703
A M 120 Y  -0.935
A M 120 V  -0.794
A L 121 A  -2.503
A L 121 R  -4.844
A L 121 N  -4.812
A L 121 D  -5.193
A L 121 C  -2.688
A L 121 Q  -4.919
A L 121 E  -4.685
A L 121 G  -4.408
A L 121 H  -3.868
A L 121 I  -0.255
A L 121 K  -4.764
A L 121 M  -0.798
A L 121 F  -1.042
A L 121 P  -4.834
A L 121 S  -3.218
A L 121 T  -2.629
A L 121 W  -2.113
A L 121 Y  -3.687
A L 121 V  -1.463
A Q 122 A  -0.248
A Q 122 R  -0.118
A Q 122 N   0.008
A Q 122 D  -0.524
A Q 122 C  -0.404
A Q 122 E  -0.061
A Q 122 G  -1.141
A Q 122 H  -0.421
A Q 122 I   0.299
A Q 122 L   0.385
A Q 122 K   0.049
A Q 122 M  -0.005
A Q 122 F   0.015
A Q 122 P  -1.413
A Q 122 S  -0.283
A Q 122 T  -0.215
A Q 122 W  -0.263
A Q 122 Y  -0.568
A Q 122 V  -0.074
A Q 123 A   0.125
A Q 123 R  -0.366
A Q 123 N  -0.235
A Q 123 D  -0.408
A Q 123 C  -0.670
A Q 123 E  -0.108
A Q 123 G  -1.284
A Q 123 H  -0.246
A Q 123 I   0.229
A Q 123 L   0.117
A Q 123 K  -0.126
A Q 123 M  -0.221
A Q 123 F  -0.138
A Q 123 P  -1.615
A Q 123 S  -0.291
A Q 123 T  -0.318
A Q 123 W  -0.495
A Q 123 Y  -1.406
A Q 123 V  -0.256
A K 124 A  -0.532
A K 124 R  -0.197
A K 124 N  -0.238
A K 124 D  -0.387
A K 124 C  -0.210
A K 124 Q  -0.193
A K 124 E  -0.367
A K 124 G   0.765
A K 124 H  -0.235
A K 124 I  -0.504
A K 124 L  -0.422
A K 124 M  -0.517
A K 124 F  -0.344
A K 124 P  -0.502
A K 124 S  -0.578
A K 124 T  -0.966
A K 124 W  -0.027
A K 124 Y  -0.479
A K 124 V  -0.758
A R 125 A  -0.337
A R 125 N  -0.073
A R 125 D   0.081
A R 125 C  -0.316
A R 125 Q  -0.048
A R 125 E  -0.123
A R 125 G  -0.645
A R 125 H  -0.127
A R 125 I  -0.149
A R 125 L  -0.005
A R 125 K   0.052
A R 125 M  -0.317
A R 125 F  -0.225
A R 125 P  -1.117
A R 125 S  -0.263
A R 125 T  -0.476
A R 125 W  -0.180
A R 125 Y  -0.496
A R 125 V  -0.284
A W 126 A  -2.240
A W 126 R  -2.279
A W 126 N  -2.174
A W 126 D  -2.367
A W 126 C  -1.690
A W 126 Q  -2.714
A W 126 E  -2.784
A W 126 G  -3.413
A W 126 H  -2.272
A W 126 I  -1.348
A W 126 L  -1.232
A W 126 K  -2.154
A W 126 M  -1.348
A W 126 F  -0.917
A W 126 P  -3.070
A W 126 S  -2.608
A W 126 T  -2.781
A W 126 Y  -1.845
A W 126 V  -2.128
A D 127 A  -0.253
A D 127 R  -0.320
A D 127 N  -0.144
A D 127 C  -0.427
A D 127 Q  -0.019
A D 127 E   0.040
A D 127 G  -0.893
A D 127 H  -0.327
A D 127 I  -0.076
A D 127 L  -0.081
A D 127 K  -0.094
A D 127 M  -0.268
A D 127 F  -0.243
A D 127 P  -0.595
A D 127 S  -0.244
A D 127 T  -0.323
A D 127 W  -0.242
A D 127 Y  -0.601
A D 127 V  -0.323
A E 128 A  -0.204
A E 128 R  -0.231
A E 128 N  -0.242
A E 128 D  -0.279
A E 128 C  -0.606
A E 128 Q  -0.054
A E 128 G  -0.598
A E 128 H  -0.246
A E 128 I  -0.149
A E 128 L  -0.071
A E 128 K  -0.085
A E 128 M  -0.171
A E 128 F  -0.187
A E 128 P  -1.129
A E 128 S  -0.243
A E 128 T  -0.326
A E 128 W  -0.491
A E 128 Y  -1.014
A E 128 V  -0.354
A A 129 R  -4.372
A A 129 N  -5.551
A A 129 D  -5.700
A A 129 C  -1.790
A A 129 Q  -5.614
A A 129 E  -5.498
A A 129 G  -2.890
A A 129 H  -4.870
A A 129 I  -1.430
A A 129 L  -1.739
A A 129 K  -4.738
A A 129 M  -1.637
A A 129 F  -1.703
A A 129 P  -4.695
A A 129 S  -2.140
A A 129 T  -2.747
A A 129 W  -2.271
A A 129 Y  -3.253
A A 129 V  -1.941
A A 130 R  -2.469
A A 130 N  -3.703
A A 130 D  -4.463
A A 130 C  -1.037
A A 130 Q  -3.172
A A 130 E  -2.858
A A 130 G  -1.833
A A 130 H  -3.610
A A 130 I  -0.339
A A 130 L  -0.638
A A 130 K  -2.294
A A 130 M  -0.978
A A 130 F  -1.038
A A 130 P  -2.519
A A 130 S  -1.473
A A 130 T  -2.041
A A 130 W  -1.373
A A 130 Y  -1.645
A A 130 V  -1.444
A V 131 A  -0.173
A V 131 R  -0.120
A V 131 N  -0.169
A V 131 D  -0.165
A V 131 C  -0.427
A V 131 Q  -0.081
A V 131 E  -0.010
A V 131 G  -0.817
A V 131 H  -0.493
A V 131 I   0.099
A V 131 L   0.045
A V 131 K   0.071
A V 131 M  -0.089
A V 131 F  -0.051
A V 131 P  -0.921
A V 131 S  -0.363
A V 131 T  -0.432
A V 131 W  -0.158
A V 131 Y  -0.313
A N 132 A  -0.357
A N 132 R  -0.493
A N 132 D  -0.916
A N 132 C  -1.101
A N 132 Q   0.136
A N 132 E   0.556
A N 132 G  -1.449
A N 132 H  -0.583
A N 132 I   0.324
A N 132 L   0.975
A N 132 K  -0.244
A N 132 M  -0.110
A N 132 F   0.280
A N 132 P  -2.144
A N 132 S  -0.434
A N 132 T  -0.332
A N 132 W  -0.026
A N 132 Y  -0.754
A N 132 V  -0.049
A L 133 A  -1.694
A L 133 R  -4.829
A L 133 N  -4.677
A L 133 D  -5.360
A L 133 C  -1.672
A L 133 Q  -4.402
A L 133 E  -5.198
A L 133 G  -4.027
A L 133 H  -4.141
A L 133 I  -1.183
A L 133 K  -4.613
A L 133 M   0.351
A L 133 F  -0.138
A L 133 P  -5.395
A L 133 S  -2.793
A L 133 T  -2.671
A L 133 W  -1.388
A L 133 Y  -3.470
A L 133 V  -1.379
A A 134 R   0.143
A A 134 N  -0.476
A A 134 D  -0.666
A A 134 C   0.055
A A 134 Q  -0.341
A A 134 E   0.176
A A 134 G  -0.865
A A 134 H  -0.351
A A 134 I   0.690
A A 134 L   1.163
A A 134 K   0.224
A A 134 M   0.659
A A 134 F   0.641
A A 134 P  -0.674
A A 134 S  -0.199
A A 134 T  -0.199
A A 134 W   0.792
A A 134 Y  -0.215
A A 134 V   0.167
A K 135 A  -0.247
A K 135 R  -0.104
A K 135 N   0.008
A K 135 D  -0.001
A K 135 C  -0.283
A K 135 Q  -0.021
A K 135 E  -0.216
A K 135 G  -0.495
A K 135 H  -0.067
A K 135 I  -0.257
A K 135 L  -0.267
A K 135 M  -0.239
A K 135 F  -0.382
A K 135 P  -0.959
A K 135 S  -0.259
A K 135 T  -0.487
A K 135 W  -0.230
A K 135 Y  -0.385
A K 135 V  -0.309
A S 136 A  -2.182
A S 136 R  -2.078
A S 136 N  -2.899
A S 136 D  -3.611
A S 136 C  -1.114
A S 136 Q  -3.666
A S 136 E  -4.068
A S 136 G  -2.118
A S 136 H  -2.174
A S 136 I  -1.579
A S 136 L  -1.879
A S 136 K  -1.911
A S 136 M  -1.643
A S 136 F  -1.525
A S 136 P  -3.299
A S 136 T  -1.464
A S 136 W  -0.726
A S 136 Y  -1.920
A S 136 V  -1.818
A R 137 A  -0.310
A R 137 N  -0.306
A R 137 D  -0.394
A R 137 C  -0.583
A R 137 Q  -0.074
A R 137 E  -0.218
A R 137 G  -1.027
A R 137 H  -0.586
A R 137 I   0.081
A R 137 L  -0.019
A R 137 K  -0.152
A R 137 M  -0.141
A R 137 F  -0.162
A R 137 P  -0.438
A R 137 S  -0.309
A R 137 T  -0.442
A R 137 W  -0.341
A R 137 Y  -0.510
A R 137 V  -0.412
A W 138 A  -2.305
A W 138 R  -3.690
A W 138 N  -3.003
A W 138 D  -3.950
A W 138 C  -2.940
A W 138 Q  -3.023
A W 138 E  -4.403
A W 138 G  -3.659
A W 138 H  -3.393
A W 138 I  -1.737
A W 138 L  -1.672
A W 138 K  -3.218
A W 138 M  -1.989
A W 138 F  -1.137
A W 138 P  -4.329
A W 138 S  -3.055
A W 138 T  -3.329
A W 138 Y  -2.020
A W 138 V  -2.367
A Y 139 A  -0.839
A Y 139 R  -1.560
A Y 139 N  -1.088
A Y 139 D  -2.118
A Y 139 C  -0.625
A Y 139 Q  -1.599
A Y 139 E  -2.117
A Y 139 G  -2.654
A Y 139 H  -1.535
A Y 139 I  -1.315
A Y 139 L  -1.001
A Y 139 K  -1.238
A Y 139 M  -1.287
A Y 139 F  -0.164
A Y 139 P  -3.276
A Y 139 S  -2.117
A Y 139 T  -1.718
A Y 139 W  -0.831
A Y 139 V  -1.040
A N 140 A  -0.174
A N 140 R   0.055
A N 140 D  -0.133
A N 140 C  -0.322
A N 140 Q   0.048
A N 140 E   0.026
A N 140 G  -0.477
A N 140 H  -0.069
A N 140 I  -0.036
A N 140 L  -0.053
A N 140 K   0.176
A N 140 M  -0.096
A N 140 F  -0.102
A N 140 P  -0.558
A N 140 S  -0.113
A N 140 T  -0.211
A N 140 W  -0.127
A N 140 Y  -0.254
A N 140 V  -0.184
A Q 141 A  -0.629
A Q 141 R  -0.430
A Q 141 N  -0.449
A Q 141 D  -0.470
A Q 141 C  -0.632
A Q 141 E  -0.221
A Q 141 G  -1.097
A Q 141 H  -0.562
A Q 141 I  -0.182
A Q 141 L  -0.230
A Q 141 K  -0.319
A Q 141 M  -0.375
A Q 141 F  -0.335
A Q 141 P  -0.847
A Q 141 S  -0.568
A Q 141 T  -0.383
A Q 141 W  -0.459
A Q 141 Y  -0.811
A Q 141 V  -0.467
A T 142 A  -0.813
A T 142 R  -0.699
A T 142 N  -0.917
A T 142 D  -1.322
A T 142 C  -0.499
A T 142 Q  -1.413
A T 142 E  -1.558
A T 142 G  -1.566
A T 142 H  -0.677
A T 142 I  -0.393
A T 142 L  -0.142
A T 142 K  -0.660
A T 142 M  -0.285
A T 142 F  -0.348
A T 142 P  -2.168
A T 142 S  -0.902
A T 142 W  -0.345
A T 142 Y  -1.097
A T 142 V   0.127
A P 143 A  -1.135
A P 143 R  -0.729
A P 143 N  -1.332
A P 143 D  -1.013
A P 143 C  -1.063
A P 143 Q  -1.532
A P 143 E  -1.032
A P 143 G  -1.129
A P 143 H  -1.480
A P 143 I  -0.960
A P 143 L  -0.923
A P 143 K  -0.564
A P 143 M  -0.966
A P 143 F  -0.881
A P 143 S  -1.258
A P 143 T  -0.906
A P 143 W  -1.075
A P 143 Y  -1.906
A P 143 V  -0.965
A N 144 A  -0.226
A N 144 R  -0.127
A N 144 D  -0.083
A N 144 C  -0.619
A N 144 Q  -0.061
A N 144 E  -0.022
A N 144 G  -0.491
A N 144 H  -0.243
A N 144 I  -0.078
A N 144 L  -0.151
A N 144 K  -0.133
A N 144 M  -0.213
A N 144 F  -0.227
A N 144 P  -0.382
A N 144 S  -0.158
A N 144 T  -0.305
A N 144 W  -0.290
A N 144 Y  -0.453
A N 144 V  -0.335
A R 145 A  -1.620
A R 145 N  -2.872
A R 145 D  -2.678
A R 145 C  -1.673
A R 145 Q  -2.479
A R 145 E  -2.555
A R 145 G  -2.576
A R 145 H  -3.126
A R 145 I  -0.562
A R 145 L  -0.754
A R 145 K  -2.382
A R 145 M  -0.943
A R 145 F  -1.000
A R 145 P  -2.912
A R 145 S  -1.985
A R 145 T  -2.094
A R 145 W  -1.327
A R 145 Y  -2.295
A R 145 V  -1.246
A A 146 R  -2.574
A A 146 N  -2.617
A A 146 D  -4.491
A A 146 C  -0.479
A A 146 Q  -3.714
A A 146 E  -5.000
A A 146 G  -2.067
A A 146 H  -4.397
A A 146 I  -1.426
A A 146 L  -0.229
A A 146 K  -2.150
A A 146 M  -1.454
A A 146 F  -0.195
A A 146 P  -4.147
A A 146 S  -1.392
A A 146 T  -2.499
A A 146 W   0.347
A A 146 Y  -2.031
A A 146 V  -0.992
A K 147 A  -0.326
A K 147 R   0.001
A K 147 N  -0.251
A K 147 D  -0.524
A K 147 C  -0.768
A K 147 Q   0.032
A K 147 E  -0.016
A K 147 G  -1.183
A K 147 H  -0.573
A K 147 I  -0.040
A K 147 L  -0.128
A K 147 M  -0.231
A K 147 F  -0.411
A K 147 P  -0.935
A K 147 S  -0.320
A K 147 T  -0.672
A K 147 W  -0.467
A K 147 Y  -0.994
A K 147 V  -0.474
A R 148 A  -1.102
A R 148 N  -1.931
A R 148 D  -1.920
A R 148 C  -1.448
A R 148 Q  -1.469
A R 148 E  -1.267
A R 148 G  -1.962
A R 148 H  -2.129
A R 148 I  -0.786
A R 148 L  -0.940
A R 148 K  -1.133
A R 148 M  -0.872
A R 148 F  -0.987
A R 148 P  -2.573
A R 148 S  -1.307
A R 148 T  -1.735
A R 148 W  -1.072
A R 148 Y  -1.404
A R 148 V  -1.467
A V 149 A  -2.400
A V 149 R  -3.794
A V 149 N  -3.235
A V 149 D  -4.126
A V 149 C  -2.866
A V 149 Q  -3.063
A V 149 E  -3.230
A V 149 G  -4.241
A V 149 H  -2.321
A V 149 I   0.627
A V 149 L   1.130
A V 149 K  -4.179
A V 149 M  -0.738
A V 149 F  -0.650
A V 149 P  -4.953
A V 149 S  -3.154
A V 149 T  -2.546
A V 149 W  -2.220
A V 149 Y  -2.293
A I 150 A  -1.156
A I 150 R  -2.748
A I 150 N  -2.967
A I 150 D  -4.174
A I 150 C  -0.871
A I 150 Q  -3.110
A I 150 E  -2.289
A I 150 G  -4.131
A I 150 H  -2.812
A I 150 L  -0.598
A I 150 K  -2.212
A I 150 M  -0.742
A I 150 F  -0.918
A I 150 P  -5.297
A I 150 S  -2.907
A I 150 T  -1.651
A I 150 W  -1.698
A I 150 Y  -3.606
A I 150 V  -0.859
A T 151 A  -0.312
A T 151 R  -0.308
A T 151 N  -0.037
A T 151 D  -0.340
A T 151 C  -0.685
A T 151 Q   0.038
A T 151 E  -0.103
A T 151 G  -1.410
A T 151 H  -1.173
A T 151 I   0.128
A T 151 L   0.408
A T 151 K   0.055
A T 151 M   0.203
A T 151 F   0.180
A T 151 P  -2.536
A T 151 S  -0.324
A T 151 W   0.015
A T 151 Y  -0.836
A T 151 V  -0.210
A T 152 A  -1.117
A T 152 R  -1.439
A T 152 N  -3.354
A T 152 D  -4.325
A T 152 C  -0.925
A T 152 Q  -1.003
A T 152 E  -2.756
A T 152 G  -3.271
A T 152 H  -3.935
A T 152 I   0.551
A T 152 L   0.829
A T 152 K  -2.130
A T 152 M   0.798
A T 152 F   0.040
A T 152 P  -3.980
A T 152 S  -2.088
A T 152 W  -0.536
A T 152 Y  -1.814
A T 152 V   0.121
A F 153 A  -2.674
A F 153 R  -4.952
A F 153 N  -5.181
A F 153 D  -5.473
A F 153 C  -1.815
A F 153 Q  -4.911
A F 153 E  -5.070
A F 153 G  -4.717
A F 153 H  -3.569
A F 153 I   0.153
A F 153 L   0.298
A F 153 K  -4.801
A F 153 M   0.375
A F 153 P  -5.049
A F 153 S  -2.731
A F 153 T  -2.956
A F 153 W  -0.737
A F 153 Y  -2.208
A F 153 V  -0.909
A R 154 A  -0.907
A R 154 N  -1.039
A R 154 D  -1.125
A R 154 C  -1.124
A R 154 Q  -0.503
A R 154 E  -0.529
A R 154 G  -1.507
A R 154 H  -1.442
A R 154 I  -0.175
A R 154 L  -0.194
A R 154 K  -0.552
A R 154 M  -0.417
A R 154 F  -0.457
A R 154 P  -2.008
A R 154 S  -1.115
A R 154 T  -1.139
A R 154 W  -0.581
A R 154 Y  -0.942
A R 154 V  -0.954
A T 155 A  -0.987
A T 155 R  -1.529
A T 155 N  -0.773
A T 155 D  -1.328
A T 155 C  -1.520
A T 155 Q  -1.337
A T 155 E  -1.391
A T 155 G  -2.000
A T 155 H  -1.473
A T 155 I  -0.505
A T 155 L  -0.418
A T 155 K  -1.216
A T 155 M  -0.664
A T 155 F  -0.548
A T 155 P  -2.618
A T 155 S  -0.551
A T 155 W  -1.013
A T 155 Y  -0.947
A T 155 V  -0.853
A G 156 A  -2.049
A G 156 R  -1.917
A G 156 N  -2.077
A G 156 D  -1.846
A G 156 C  -1.892
A G 156 Q  -2.261
A G 156 E  -2.746
A G 156 H  -2.569
A G 156 I  -2.157
A G 156 L  -2.992
A G 156 K  -2.607
A G 156 M  -2.329
A G 156 F  -2.934
A G 156 P  -1.683
A G 156 S  -2.225
A G 156 T  -3.352
A G 156 W  -1.745
A G 156 Y  -1.690
A G 156 V  -2.792
A T 157 A  -1.663
A T 157 R  -1.285
A T 157 N  -1.656
A T 157 D  -1.863
A T 157 C  -1.443
A T 157 Q  -1.654
A T 157 E  -1.228
A T 157 G  -2.512
A T 157 H  -1.511
A T 157 I  -1.398
A T 157 L  -1.449
A T 157 K  -1.185
A T 157 M  -1.450
A T 157 F  -1.464
A T 157 P  -3.116
A T 157 S  -1.428
A T 157 W  -1.288
A T 157 Y  -1.746
A T 157 V  -1.381
A W 158 A  -1.880
A W 158 R  -2.601
A W 158 N  -3.152
A W 158 D  -2.209
A W 158 C  -2.114
A W 158 Q  -2.747
A W 158 E  -2.281
A W 158 G  -3.246
A W 158 H  -2.846
A W 158 I  -1.677
A W 158 L  -1.488
A W 158 K  -2.602
A W 158 M  -1.248
A W 158 F  -1.218
A W 158 P  -3.402
A W 158 S  -2.011
A W 158 T  -2.704
A W 158 Y  -1.242
A W 158 V  -1.754
A D 159 A  -0.416
A D 159 R  -0.351
A D 159 N  -0.474
A D 159 C  -0.727
A D 159 Q  -0.069
A D 159 E  -0.131
A D 159 G  -0.584
A D 159 H  -0.857
A D 159 I  -0.357
A D 159 L  -0.526
A D 159 K  -0.445
A D 159 M  -0.561
A D 159 F  -0.610
A D 159 P  -0.670
A D 159 S  -0.358
A D 159 T  -0.763
A D 159 W  -0.491
A D 159 Y  -0.730
A D 159 V  -0.531
A A 160 R  -1.059
A A 160 N  -1.801
A A 160 D  -1.966
A A 160 C  -0.404
A A 160 Q  -1.658
A A 160 E  -1.991
A A 160 G  -0.882
A A 160 H  -1.669
A A 160 I  -0.207
A A 160 L  -0.761
A A 160 K  -1.156
A A 160 M  -0.589
A A 160 F  -0.282
A A 160 P  -0.490
A A 160 S  -0.020
A A 160 T  -1.539
A A 160 W  -0.251
A A 160 Y  -0.898
A A 160 V  -0.705
A Y 161 A  -2.683
A Y 161 R  -3.099
A Y 161 N  -3.561
A Y 161 D  -3.794
A Y 161 C  -2.067
A Y 161 Q  -4.086
A Y 161 E  -4.306
A Y 161 G  -3.538
A Y 161 H  -3.619
A Y 161 I  -2.891
A Y 161 L  -2.896
A Y 161 K  -3.006
A Y 161 M  -2.233
A Y 161 F  -1.017
A Y 161 P  -4.479
A Y 161 S  -3.723
A Y 161 T  -3.262
A Y 161 W  -2.038
A Y 161 V  -2.521
A K 162 A  -0.592
A K 162 R  -0.126
A K 162 N  -0.836
A K 162 D  -0.713
A K 162 C  -0.763
A K 162 Q  -0.385
A K 162 E  -0.789
A K 162 G  -1.054
A K 162 H  -0.935
A K 162 I  -0.371
A K 162 L  -0.630
A K 162 M  -0.421
A K 162 F  -0.582
A K 162 P  -1.040
A K 162 S  -0.610
A K 162 T  -0.958
A K 162 W  -0.650
A K 162 Y  -0.739
A K 162 V  -0.768
